query I
select * from numbers(100) where number > 95
----
96
97
98
99

query B
select count(*) > 0 from system.query_log
----
1

statement ok
drop table if exists tbl_01_0002 all

statement ok
create table tbl_01_0002(a int)

statement ok
insert into  tbl_01_0002 values(1)

# TODO sometimes get empty result
# query I
# select written_rows from system.query_log where query_text='insert into  tbl_01_0002 values(1)' and written_rows != 0

# ----
# 1

statement ok
insert into  tbl_01_0002 values(2)

query I
select count(*) from tbl_01_0002 where a > 1
----
1

# TODO sometimes get 0 here
# query I
# select count(1) from system.query_log where query_text='select count(*) from tbl_01_0002 where a > 1' and scan_partitions = 1 and total_partitions = 2

# ----
# 1

statement ok
select * from tbl_01_0002 where a=1;

statement ok
select * from tbl_01_0002   where a  = 1;

statement ok
select * from tbl_01_0002 where a=200;

query T
select count(query_text)>1 from system.query_log where query_text like 'SELECT * FROM tbl_01_0002 WHERE a = 1' and log_type_name='Finish' group by query_hash;
----
1

query TTT
select query_text, query_hash, query_parameterized_hash from system.query_log where query_text like 'SELECT * FROM tbl_01_0002 WHERE a = 200' and log_type_name='Finish' limit 1;
----
SELECT * FROM tbl_01_0002 WHERE a = 200 3a417b8f5b13d616b6766e605df7d03fe8894b42c08654d0258fbcd1c2037394 8be65b1bbe59cb373f95e6ab80c774c8bbd99bea047c0e83954d515dc2b0b072

query TTT
select query_text, query_hash, query_parameterized_hash from system.query_log where query_text like 'SELECT * FROM tbl_01_0002 WHERE a = 1' and log_type_name='Finish' limit 1;
----
SELECT * FROM tbl_01_0002 WHERE a = 1 d61e331ef97fabe03166513ce698c9438cf3072c953a13a5cec2302beb452ffd 8be65b1bbe59cb373f95e6ab80c774c8bbd99bea047c0e83954d515dc2b0b072

query T
select count(query_text)>1 from system.query_log where query_text like 'SELECT * FROM tbl_01_0002 WHERE a =%' and log_type_name='Finish' group by query_parameterized_hash;
----
1

statement ok
drop table tbl_01_0002


# https://github.com/datafuselabs/databend/issues/15065

statement error 1025
select * from table_not_exitst;

query B
select count(*) > 0 from system.query_log where log_type_name = 'Error'
----
1
