statement ok
SELECT * from system.tables where name = 'tables' and created_on > '2022-07-01 12:16:58.630'

query T
select * from (select name from system.tables where database='system') where name='tables'
----
tables

statement error 1006
select name from system.tables where database='system' and table_id='xx'

statement ok
create or replace table default.tables(id int)

# default.tables, system.tables, system.columns, and other table under system database
query T
select count() > 3 from system.tables where database='system' or name in ('tables', 'columns') order by database;
----
1

statement ok
drop table default.tables
