onlyif mysql
statement ok
----
SELECT 1;

onlyif mysql
statement ok
----
SELECT 1;

onlyif mysql
statement ok
----
SELECT 1;

onlyif mysql
statement ok
----
SELECT 1;

onlyif mysql
statement ok
----
SELECT 1;

onlyif mysql
statement ok
----
SELECT 1;

onlyif mysql
statement ok
----
SELECT 1;

onlyif mysql
statement ok
----
SELECT 1;

onlyif mysql
query TTT
SELECT min(value > 5) FROM system.metrics where metric = 'query_success_total'
----
1

onlyif mysql
statement ok
----
truncate table system.metrics;


onlyif mysql
query TTT
SELECT min(value > 5) FROM system.metrics where metric = 'query_success_total'
----
0
