statement ok
SELECT * from system.tables where name = 'tables' and created_on > '2022-07-01 12:16:58.630'

query T
select * from (select name from system.tables where database='system') where name='tables'
----
tables

statement error 1006
select name from system.tables where database='system' and table_id='xx'

statement ok
create or replace table default.tables(id int)

query T
select * from (select database, name from system.tables where database='system' or name in ('tables', 'columns')) where name in ('tables') order by database;
----
default tables
system tables

statement ok
drop table default.tables
