query T
show views from information_schema like 'tables'
----
tables SELECT database AS table_catalog, database AS table_schema, name AS table_name, 'BASE TABLE' AS table_type, engine AS engine, created_on AS create_time, dropped_on AS drop_time, data_size AS data_length, index_size AS index_length, num_rows AS table_rows, NULL AS auto_increment, NULL AS table_collation, NULL AS data_free, comment AS table_comment FROM system.tables;

query T
show views from INFORMATION_SCHEMA like 'tables'
----
tables SELECT database AS table_catalog, database AS table_schema, name AS table_name, 'BASE TABLE' AS table_type, engine AS engine, created_on AS create_time, dropped_on AS drop_time, data_size AS data_length, index_size AS index_length, num_rows AS table_rows, NULL AS auto_increment, NULL AS table_collation, NULL AS data_free, comment AS table_comment FROM system.tables;

query TTTTT
DESC INFORMATION_SCHEMA.KEY_COLUMN_USAGE
----
constraint_catalog NULL NO NULL (empty)
constraint_schema NULL NO NULL (empty)
constraint_name NULL NO NULL (empty)
table_catalog NULL NO NULL (empty)
table_schema NULL NO NULL (empty)
table_name NULL NO NULL (empty)
column_name NULL NO NULL (empty)
ordinal_position NULL NO NULL (empty)
position_in_unique_constraint NULL NO NULL (empty)
referenced_table_schema NULL NO NULL (empty)
referenced_table_name NULL NO NULL (empty)
referenced_column_name NULL NO NULL (empty)

query TTTTT
DESC INFORMATION_SCHEMA.STATISTICS
----
table_catalog NULL NO NULL (empty)
table_schema NULL NO NULL (empty)
table_name NULL NO NULL (empty)
non_unique NULL NO NULL (empty)
index_schema NULL NO NULL (empty)
index_name NULL NO NULL (empty)
seq_in_index NULL NO NULL (empty)
column_name NULL NO NULL (empty)
collation NULL NO NULL (empty)
cardinality NULL NO NULL (empty)
sub_part NULL NO NULL (empty)
packed NULL NO NULL (empty)
nullable NULL NO NULL (empty)
index_type NULL NO NULL (empty)
comment NULL NO NULL (empty)
index_comment NULL NO NULL (empty)

query B
select count(1) > 1 from information_schema.columns
----
1


query B
select count(1) > 1 from information_Schema.Columns
----
1

query T
SELECT t.table_catalog FROM information_schema.VIEWS t WHERE t.TABLE_SCHEMA = 'information_schema'
----
default
default
default
default
default
default
default

statement ok
drop table if exists t

statement ok
create table t(id int comment 'tes\t', c1 string comment 'sss') comment='table comm\ent'

query T
select table_comment from information_schema.TABLES where table_schema='default' and table_name='t'
----
table comm\ent

query T
select column_comment from information_schema.COLUMNS where table_schema='default' and table_name='t'
----
'tes	'
'sss'

statement ok
drop table if exists t
