statement ok
DROP DATABASE IF EXISTS db1

statement ok
CREATE DATABASE db1

statement ok
USE db1

statement ok
CREATE TABLE IF NOT EXISTS tv1(id Int, v Vector) Engine = Fuse

statement ok
INSERT INTO tv1 (id, v) VALUES(1, [1.1, 1.2, 1.3]),(2, [2.1, 2.2, 2.3]),(3, [3.1, 3.2, 3.3])

query IT
select * from tv1
----
1 [1.1,1.2,1.3]
2 [2.1,2.2,2.3]
3 [3.1,3.2,3.3]

query II
select v[1], v[2] from tv1
----
1.1 1.2
2.1 2.2
3.1 3.2

query I
select cosine_distance(v, [10.1,11.2,12.3]) from tv1
----
0.99992687
0.9990788
0.9985147

statement ok
DROP DATABASE db1
