statement ok
set enable_experimental_merge_into = 1;

statement ok
set enable_distributed_merge_into = 1;

statement ok
drop table if exists t1_separate;

statement ok
drop table if exists t2_separate;

statement ok
create table t1_separate(a int,b string, c string);

statement ok
create table t2_separate(a int,b string, c string);

statement ok
insert into t1_separate values(1,'a1','b1'),(2,'a2','b2');

statement ok
insert into t1_separate values(3,'a3','b3'),(4,'a4','b4');

statement ok
insert into t2_separate values(1,'a5','b5'),(3,'a6','b6');

statement ok
insert into t2_separate values(8,'a8','b8'),(9,'a9','b9');

query TTT
select * from t1_separate order by a,b,c;
----
1 a1 b1
2 a2 b2
3 a3 b3
4 a4 b4

query TTT
select * from t2_separate order by a,b,c;
----
1 a5 b5
3 a6 b6
8 a8 b8
9 a9 b9

## 1.test matched only
statement ok
merge into t1_separate as t1 using (select * from t2_separate) as t2 on t1.a = t2.a when matched and t2.b = 'a5' then update * when matched then update *;

query TTT
select * from t1_separate order by a,b,c;
----
1 a5 b5
2 a2 b2
3 a6 b6
4 a4 b4

## 2.test insert only
statement ok
merge into t1_separate as t1 using (select * from t2_separate) as t2 on t1.a = t2.a when not matched and t2.b = 'a5' then insert * when not matched then insert *;

query TTT
select * from t1_separate order by a,b,c;
----
1 a5 b5
2 a2 b2
3 a6 b6
4 a4 b4
8 a8 b8
9 a9 b9

## insert only semantic test
statement error 1065
merge into t1_separate as t1 using (select * from t2_separate) as t2 on t1.a = t2.a when not matched and t2.b = 'a5' then insert (b) values(t1.a);

statement ok
truncate table t1_separate;

## test merge into empty table for insert-only
statement ok
merge into t1_separate as t1 using (select * from t2_separate) as t2 on t1.a = t2.a when not matched and t2.b = 'a5' then insert * when not matched then insert *;

query TTT
select * from t1_separate order by a,b,c;
----
1 a5 b5
3 a6 b6
8 a8 b8
9 a9 b9

statement ok
set enable_experimental_merge_into = 0;

statement ok
set enable_distributed_merge_into = 0;