## Copyright 2023 Databend Cloud
##
## Licensed under the Elastic License, Version 2.0 (the "License");
## you may not use this file except in compliance with the License.
## You may obtain a copy of the License at
##
##     https://www.elastic.co/licensing/elastic-license
##
## Unless required by applicable law or agreed to in writing, software
## distributed under the License is distributed on an "AS IS" BASIS,
## WITHOUT WARRANTIES OR CONDITIONS OF ANY KIND, either express or implied.
## See the License for the specific language governing permissions and
## limitations under the License.

statement ok
DROP DATABASE IF EXISTS db_stream_06;

statement ok
CREATE DATABASE db_stream_06;

statement ok
use db_stream_06

statement ok
CREATE TABLE t1(a int);

statement ok
CREATE STREAM s ON TABLE t1;

statement ok
INSERT INTO t1 values(1);

statement ok
INSERT INTO t1 values(2);

query I
select a from s max_batch_size_hint 1;
----
1

query I
select a from s order by a;
----
1
2

statement ok
CREATE TABLE t2(a int);

statement ok
insert into t2 select a from s max_batch_size_hint 1;

query I
select a from t2;
----
1

query I
select a from s order by a;
----
2

statement error 3902
select s.a from s max_batch_size_hint 1 join s as s1 on s.a=s1.a;

statement error 3902
select a from t1 max_batch_size_hint 1;

statement ok
INSERT INTO t1 values(3);

statement ok
BEGIN;

statement ok
insert into t2 select a from s max_batch_size_hint 1;

statement error 3902
insert into t2 select a from s;

statement ok
COMMIT;

query I
select a from t2 order by a;
----
1

statement ok
create or replace stage test_stage_stream_06;

statement ok
copy into @test_stage_stream_06/case1 from s max_batch_size_hint 1;

query  T
select count() > 0 from @test_stage_stream_06/case1;
----
1

statement ok
INSERT INTO t1 values(4);

query II
merge into t2 using s max_batch_size_hint 1 on t2.a=s.a when matched then delete when not matched then insert(a) values(s.a);
----
1 0

query I
select a from t2 order by a;
----
1
3

query I
select a from s with consume max_batch_size_hint 1;
----
4

query I
select a from s order by a;
----

statement ok
DROP STREAM s;

statement ok
DROP TABLE t1 ALL;

statement ok
DROP TABLE t2 ALL;

statement ok
DROP DATABASE db_stream_06;
