statement ok
DROP TABLE IF EXISTS empsalary;

statement ok
CREATE TABLE empsalary (depname string, empno bigint, salary int, enroll_date date);

statement ok
INSERT INTO empsalary VALUES ('develop', 10, 5200, '2007-08-01'), ('sales', 1, 5000, '2006-10-01'), ('personnel', 5, 3500, '2007-12-10'), ('sales', 4, 4800, '2007-08-08'), ('personnel', 2, 3900, '2006-12-23'), ('develop', 7, 4200, '2008-01-01'), ('develop', 9, 4500, '2008-01-01'), ('sales', 3, 4800, '2007-08-01'), ('develop', 8, 6000, '2006-10-01'), ('develop', 11, 5200, '2007-08-15');

query T rowsort
SELECT listagg(cast(salary as varchar), '|') WITHIN GROUP (ORDER BY cast(salary as varchar) DESC) OVER (PARTITION BY depname ORDER BY empno) FROM empsalary;
----
3900
3900|3500
4200
5000
5000|4800
5000|4800|4800
6000|4200
6000|4500|4200
6000|5200|4500|4200
6000|5200|5200|4500|4200

query T rowsort
SELECT listagg(cast(salary as varchar), '|') WITHIN GROUP (ORDER BY empno DESC) OVER (PARTITION BY depname ORDER BY empno) FROM empsalary;
----
3500|3900
3900
4200
4500|6000|4200
4800|4800|5000
4800|5000
5000
5200|4500|6000|4200
5200|5200|4500|6000|4200
6000|4200

statement ok
DROP TABLE empsalary;
