query I
select unnest([]::array(int));
----

query I
select unnest([1,2,3]);
----
1
2
3

query II
select unnest([1,2,3]), number from numbers(1);
----
1 0
2 0
3 0

query II
select unnest([1,2,3]), number from numbers(2);
----
1 0
2 0
3 0
1 1
2 1
3 1

statement ok
DROP DATABASE IF EXISTS db_02_0062;

statement ok
CREATE DATABASE IF NOT EXISTS db_02_0062;

statement ok
USE db_02_0062;

statement ok
create table t (a array(int));

statement ok
insert into t values ([1,2]), ([3,4,5]);

query I
select unnest(a) from t;
----
1
2
3
4
5

query IT
select unnest(a), a from t;
----
1 [1,2]
2 [1,2]
3 [3,4,5]
4 [3,4,5]
5 [3,4,5]

statement ok
drop table t;

statement ok
create table t (a array(int));

statement ok
insert into t values ([1,2])

statement ok
insert into t values ([3,4,5])

query I
select unnest(a) as ua from t order by ua;
----
1
2
3
4
5

query IT
select unnest(a) as ua, a from t order by ua;
----
1 [1,2]
2 [1,2]
3 [3,4,5]
4 [3,4,5]
5 [3,4,5]

statement ok
drop table t;

statement ok
DROP DATABASE db_02_0062;

