statement ok
set sql_dialect = 'experimental';

query IIII
select (3).add(4), 3 + {'k1': 4 }.k1, (3).add({'k1': 4 }.k1),  '3'.plus(4)
----
7 7 7 7


query T
select 'openai is nothing without its people'.upper() as c
----
OPENAI IS NOTHING WITHOUT ITS PEOPLE

query IIII
with t(f) as (select '11|open|22|ai|33|is nothing without sam'.split('|')
        .array_filter(x -> try_cast(x as int) is not null ).array_apply(x -> x::int ).array_apply(x -> x::int64 ))
	select f.array_reduce('sum'), f.array_reduce('max'), f.array_reduce('min')  from t;
----
66 33 11

statement error 1008
SELECT t.a::String.lowe() FROM numbers(1) t(a)
