query T
SELECT json_strip_nulls(parse_json('null'))
----
null

query T
SELECT json_strip_nulls(parse_json('true'))
----
true

query T
SELECT json_strip_nulls(parse_json('[1,2,3,null]'))
----
[1,2,3,null]

query T
SELECT json_strip_nulls(parse_json('{"a":1,"b":null,"c":{"a":1,"b":null},"d":[{"a":1,"b":null},{"a":2,"b":3}]}'))
----
{"a":1,"c":{"a":1},"d":[{"a":1},{"a":2,"b":3}]}

query T
SELECT json_typeof(parse_json(NULL))
----
NULL

query T
SELECT json_typeof(parse_json('null'))
----
null

query T
SELECT json_typeof(parse_json('true'))
----
boolean

query T
SELECT json_typeof(parse_json('"test"'))
----
string

query T
SELECT json_typeof(parse_json('-1.12'))
----
number

query T
SELECT json_typeof(parse_json('[1,2,3]'))
----
array

query T
SELECT json_typeof(parse_json('{"a":1,"b":2}'))
----
object

query T
SELECT json_array()
----
[]

query T
SELECT json_array(true, 1, 'str', [1,2], {'k':'v'}, null)
----
[true,1,"str",[1,2],{"k":"v"},null]

query T
SELECT json_object()
----
{}

query T
SELECT json_object('k1', 1, 'k2', 'str', 'k3', [1,2], 'k4', {'k':'v'}, 'k5', null)
----
{"k1":1,"k2":"str","k3":[1,2],"k4":{"k":"v"}}

statement error 1001
SELECT json_object('k1', 1, 'k2', 'str', 'k3')

query T
SELECT try_json_object('k1', 1, 'k2', 'str', 'k3', [1,2], 'k4', {'k':'v'}, 'k5', null)
----
{"k1":1,"k2":"str","k3":[1,2],"k4":{"k":"v"}}

query T
SELECT try_json_object('k1', 1, 'k2', 'str', 'k3')
----
NULL

query T
SELECT json_object_keep_null()
----
{}

query T
SELECT json_object_keep_null('k1', 1, 'k2', 'str', 'k3', [1,2], 'k4', {'k':'v'}, 'k5', null)
----
{"k1":1,"k2":"str","k3":[1,2],"k4":{"k":"v"},"k5":null}

statement error 1001
SELECT json_object_keep_null('k1', 1, 'k2', 'str', 'k3')

query T
SELECT try_json_object_keep_null('k1', 1, 'k2', 'str', 'k3', [1,2], 'k4', {'k':'v'}, 'k5', null)
----
{"k1":1,"k2":"str","k3":[1,2],"k4":{"k":"v"},"k5":null}

query T
SELECT try_json_object_keep_null('k1', 1, 'k2', 'str', 'k3')
----
NULL

statement ok
DROP TABLE IF EXISTS t1

statement ok
CREATE TABLE t1(id Int, tag String NULL)

statement ok
INSERT INTO t1(id, tag) VALUES(1, 'a'), (2, 'b'), (3, 'c'), (4, 'null'), (5, NULL)

query T
SELECT json_array(id, tag) FROM t1
----
[1,"a"]
[2,"b"]
[3,"c"]
[4,"null"]
[5,null]

query T
SELECT json_object('id', id, 'tag', tag) FROM t1
----
{"id":1,"tag":"a"}
{"id":2,"tag":"b"}
{"id":3,"tag":"c"}
{"id":4,"tag":"null"}
{"id":5}

query T
SELECT json_object_keep_null('id', id, 'tag', tag) FROM t1
----
{"id":1,"tag":"a"}
{"id":2,"tag":"b"}
{"id":3,"tag":"c"}
{"id":4,"tag":"null"}
{"id":5,"tag":null}

statement ok
DROP TABLE IF EXISTS t1

query T
SELECT json_path_exists(NULL, '$.a')
----
NULL

query T
SELECT json_path_exists(parse_json('{"a": 1, "b": 2}'), NULL)
----
NULL

query T
SELECT json_path_exists(parse_json('{"a": 1, "b": 2}'), '$.a')
----
1

query T
SELECT json_path_exists(parse_json('{"a": 1, "b": 2}'), '$.c')
----
0

query T
SELECT json_path_exists(parse_json('{"a": 1, "b": 2}'), '$.a ? (@ == 1)')
----
1

query T
SELECT json_path_exists(parse_json('{"a": 1, "b": 2}'), '$.a ? (@ > 1)')
----
0

query T
SELECT json_path_exists(parse_json('{"a": 1, "b": [1,2,3]}'), '$.b[0]')
----
1

query T
SELECT json_path_exists(parse_json('{"a": 1, "b": [1,2,3]}'), '$.b[3]')
----
0

query T
SELECT json_path_exists(parse_json('{"a": 1, "b": [1,2,3]}'), '$.b[1 to last] ? (@ >=2 && @ <=3)')
----
1
