
query T
select quote('a\0b')
----
a\0b


query T
select quote('a\'b')
----
a\'b


query T
select quote('a\"b')
----
a\\\"b


query T
select quote('a\bb')
----
a\bb


query T
select quote('a\nb')
----
a\nb


query T
select quote('a\rb')
----
a\rb


query T
select quote('a\tb')
----
a\tb


query T
select quote('a\\b')
----
a\\b

