statement ok
drop table if exists it

statement ok
create table it(a int, b string)

query IT
select * from it order by a
----

query TIITI
copy into it from (select $1, $2 from @data/csv t2) files=('select.csv') file_format = (type = CSV)
----
csv/select.csv 3 0 NULL NULL
