statement ok
drop table if exists dt

statement ok
create table dt(a datetime not null, b string not null)

query error 1046
copy into dt from @data/csv/bad_datetime.csv file_format = (type = CSV)


statement ok
drop table if exists iv

statement ok
create table iv(a int not null, b variant not null)

query TIITI
copy into iv from @data/csv/invalid_variant.csv FILE_FORMAT = (field_delimiter = '\t' record_delimiter = '\n' type = CSV) disable_variant_check = false ON_ERROR = CONTINUE
----
csv/invalid_variant.csv 1 1 Invalid value 'invalidvariant' for column 1 (b Variant): expected value, pos 1 1

query IT
select * from iv
----
2 {"k":"v"}

statement ok
truncate table iv

query TIITI
copy into iv from @data/csv/invalid_variant.csv FILE_FORMAT = (field_delimiter = '\t' record_delimiter = '\n' type = CSV) disable_variant_check = true ON_ERROR = CONTINUE
----
csv/invalid_variant.csv 2 0 NULL NULL

query IT
select * from iv
----
1 invalidvariant
2 {"k":"v"}

statement ok
DROP TABLE if exists books;

statement ok
CREATE TABLE books ( title VARCHAR NULL, author VARCHAR NULL, date VARCHAR NULL, publish_time TIMESTAMP NULL );

query 
copy into books from @data/csv/books.csv file_format = (type = 'csv' null_display= 'NULL')
----
csv/books.csv 3 0 NULL NULL

query 
select count(), count_if(title is null), count_if(author is null), count_if(date is null), count_if(publish_time is null) from books
----
3 0 0 1 0
