statement ok
DROP DATABASE IF EXISTS `test`

statement ok
CREATE DATABASE `test`

statement ok
CREATE TABLE `test`.`a` (    a bigint not null, b int not null default 3, c varchar(255) not null default 'x', d smallint null, e Date not null) Engine = Null

query TT
SHOW CREATE TABLE `test`.`a`
----
a CREATE TABLE `a` (   `a` BIGINT,   `b` INT DEFAULT 3,   `c` VARCHAR DEFAULT 'x',   `d` SMALLINT NULL,   `e` DATE ) ENGINE=NULL

statement ok
CREATE TABLE `test`.`b` (    a bigint not null, b int null default null, c varchar(255) not null, d smallint unsigned null) Engine = Null COMMENT = 'test b'

query TT
SHOW CREATE TABLE `test`.`b`
----
b CREATE TABLE `b` (   `a` BIGINT,   `b` INT NULL DEFAULT NULL,   `c` VARCHAR,   `d` SMALLINT UNSIGNED NULL ) ENGINE=NULL

statement ok
set hide_options_in_show_create_table=0

query TT
SHOW CREATE TABLE `test`.`b`
----
b CREATE TABLE `b` (   `a` BIGINT,   `b` INT NULL DEFAULT NULL,   `c` VARCHAR,   `d` SMALLINT UNSIGNED NULL ) ENGINE=NULL COMMENT='test b'

statement ok
create view test.v_b as select * from `test`.`b`

query TT
show create table test.v_b
----
v_b CREATE VIEW `test`.`v_b` AS SELECT * FROM `test`.`b`

statement ok
CREATE TABLE test.c (a int not null) CLUSTER BY (a, a % 3) COMPRESSION='lz4' STORAGE_FORMAT='parquet'

query TT
SHOW CREATE TABLE `test`.`c`
----
c CREATE TABLE `c` (   `a` INT ) ENGINE=FUSE CLUSTER BY (a, (a % 3)) COMPRESSION='lz4' STORAGE_FORMAT='parquet'

statement ok
DROP TABLE `test`.`a`

statement ok
DROP TABLE `test`.`b`

statement ok
DROP TABLE `test`.`c`

statement ok
DROP DATABASE `test`