statement ok
drop database if exists test_lateral

statement ok
create database test_lateral

statement ok
use test_lateral

statement ok
create table t(a int)

statement ok
insert into t values(1),(2),(3)

statement ok
create table t1(a int)

statement ok
insert into t1 values(1),(2),(3)

query II
select * from t, lateral(select * from t1 where t1.a = t.a) t2
----
1 1
2 2
3 3

query II
select * from t, lateral(select * from t1 where t1.a != t.a) t2
----
1 3
1 2
2 3
2 1
3 2
3 1

query II
select * from t left join lateral(select * from t1 where t1.a = t.a) t2 on t.a = t2.a
----
1 1
2 2
3 3


statement ok
drop database test_lateral
