query I
with t1 as materialized (select number as a from numbers(10)), t2 as materialized (select number as b from numbers(20)) select t1.a from t1 join t2 on t1.a = t2.b;
----
0
1
2
3
4
5
6
7
8
9


query I
with t1 as materialized (select number as a from numbers(10)), t2 as materialized (select number as b from numbers(20)) select * from t1 join t2 on t1.a = t2.b;
----
0 0
1 1
2 2
3 3
4 4
5 5
6 6
7 7
8 8
9 9

query I
with t1 as materialized (select number as a from numbers(10)) select t1.a from t1;
----
0
1
2
3
4
5
6
7
8
9
