query T
select 'Hello, world!'
----
Hello, world!

statement ok
drop database if exists db

statement ok
create database db

statement ok
create table db.t(a int)

statement ok
insert into db.t values(1),(2)

onlyif http
query I
select db.t.a from db.t
----
1
2

onlyif http
query I
select t1.a from db.t as t1
----
1
2

onlyif http
statement error 1065
select db.t1.a from db.t as t1

statement ok
drop database if exists db

statement ok
create table t(a int);

statement ok
insert into t values(1);

query I
select catalog,database,name,number_of_blocks,number_of_segments from system.tables where name = 't';
----
default default t 1 1

statement error 1065
select * from (values(1, 'one'), (2, 'two', 3))

statement error 1065
select * from (values(1, 'one'), (2, ['two','three']))

statement error 1065
select * from (values(1, 'one'), (2, 'two')) t(a,b,c)

query IT
select * from (values(1, 'one'), (2, 'two'), (3, 'three')) as t(a, b)
----
1 one
2 two
3 three

query IT
select col0, col1 from (values(1, 'one'), (null, 'two'), (3, null))
----
1 one
NULL two
3 NULL
