statement ok
create or replace table a as select null, 3;

statement ok
create or replace table b as select null, 3;

query T
select * from a except select * from b;
----

query T
select * from a intersect select * from b;
----
NULL 3

query T
select * from a except select * from b union all select * from b except select * from a;
----

query T
select * from a except select * from b union all select * from b intersect select * from a;
----
NULL 3
