statement ok
DROP TABLE IF EXISTS t1

statement ok
CREATE TABLE t1 (lat Float64, lon Float64) ENGINE=Memory

statement ok
INSERT INTO t1 VALUES(55.77922738, 37.63098076), (5.77922738, 7.63098076)

query T
SELECT to_string(st_makegeompoint(lat, lon)) FROM t1
----
POINT(55.77922738 37.63098076)
POINT(5.77922738 7.63098076)

query T
SELECT st_makegeompoint(lat, lon)::String FROM t1
----
POINT(55.77922738 37.63098076)
POINT(5.77922738 7.63098076)

statement ok
DROP TABLE IF EXISTS t1

statement error 1801
CREATE TABLE t1 (a int, g geometry)

statement ok
SET enable_geo_create_table=1

statement ok
CREATE TABLE t1 (a int, g geometry)

statement ok
INSERT INTO t1 VALUES(1, ST_GEOMFROMWKT('POINT(389866.35 5819003.03)', 32633)), (2, ST_GEOMFROMWKT('POINT(4.500212 52.161170)', 4326))

query IT
SELECT a, g FROM t1
----
1 SRID=32633;POINT(389866.35 5819003.03)
2 SRID=4326;POINT(4.500212 52.16117)

#query T
#SELECT ST_TRANSFORM(g, 3857) AS transformed_geom FROM t1
#----
#SRID=3857;POINT(1489140.0937656453 6892872.198680114)
#SRID=3857;POINT(500961.30830177927 6829319.683153116)

statement ok
DROP TABLE IF EXISTS t1

statement ok
CREATE TABLE t1 (g1 geometry, g2 geometry)

statement ok
SELECT to_string(st_makeline(TO_GEOMETRY('POINT(33.0 44.2)', 32633), TO_GEOMETRY('POINT(224.5 41.5)', 32633))) FROM t1

statement ok
INSERT INTO t1 VALUES(TO_GEOMETRY('POINT(1.0 2.0)', 32633), TO_GEOMETRY('POINT(3.5 4.5)', 32633)),
(TO_GEOMETRY('POINT(1.0 2.0)', 4326), TO_GEOMETRY('LINESTRING(1.0 2.0, 10.1 5.5)', 4326)),
(TO_GEOMETRY('LINESTRING(1.0 2.0, 10.1 5.5)'), TO_GEOMETRY('MULTIPOINT(3.5 4.5, 6.1 7.9)'))

query T
SELECT to_string(st_makeline(g1, g2)) FROM t1
----
SRID=32633;LINESTRING(1 2,3.5 4.5)
SRID=4326;LINESTRING(1 2,1 2,10.1 5.5)
LINESTRING(1 2,10.1 5.5,3.5 4.5,6.1 7.9)

statement ok
DROP TABLE IF EXISTS t1;

statement ok
CREATE TABLE t1 (b binary);

statement ok
INSERT INTO t1 VALUES(UNHEX('0101000020797f000066666666a9cb17411f85ebc19e325641'));

query T
SELECT TO_STRING(ST_GEOMETRYFROMWKB(b)) FROM t1;
----
SRID=32633;POINT(389866.35 5819003.03)

query T
SELECT TO_STRING(ST_GEOMETRYFROMWKB(b, 4326)) FROM t1;
----
SRID=4326;POINT(389866.35 5819003.03)

statement ok
DROP TABLE IF EXISTS t1;

statement ok
CREATE TABLE t1 (b STRING);

statement ok
INSERT INTO t1 VALUES('0101000020797f000066666666a9cb17411f85ebc19e325641');

query T
SELECT TO_STRING(ST_GEOMETRYFROMWKB(b)) FROM t1;
----
SRID=32633;POINT(389866.35 5819003.03)

query T
SELECT TO_STRING(ST_GEOMETRYFROMWKB(b, 4326)) FROM t1;
----
SRID=4326;POINT(389866.35 5819003.03)

statement ok
DROP TABLE IF EXISTS t1;

statement ok
CREATE TABLE t1 (s varchar);

statement ok
INSERT INTO t1 VALUES('9q60y60rhs');

query T
SELECT TO_STRING(ST_GEOMFROMGEOHASH(s)) FROM t1;
----
{"type": "Polygon", "coordinates": [[[-120.66230535507202,35.30029535293579],[-120.66230535507202,35.30030071735382],[-120.66229462623596,35.30030071735382],[-120.66229462623596,35.30029535293579],[-120.66230535507202,35.30029535293579]]]}

statement ok
SET enable_geo_create_table=0

statement ok
DROP TABLE IF EXISTS t1;