statement ok
drop table if exists t1;

statement ok
drop table if exists t2;

statement ok
drop table if exists t3;

statement ok
drop table if exists t4;

statement ok
drop table if exists t5;

statement ok
drop table if exists t6;

statement ok
drop table if exists t7;

statement ok
drop table if exists t8;

statement ok
drop table if exists t9;

statement ok
drop table if exists t10;

statement ok
drop table if exists t11;

statement ok
drop table if exists t12;

statement ok
drop table if exists t13;

statement ok
drop table if exists t14;

statement ok
drop table if exists t15;

statement ok
drop table if exists t16;

statement ok
drop table if exists t17;

statement ok
drop table if exists t18;

statement ok
drop table if exists t19;

statement ok
drop table if exists t20;

statement ok
drop table if exists t21;

statement ok
drop table if exists t22;

statement ok
drop table if exists t23;

statement ok
drop table if exists t24;

statement ok
drop table if exists t25;

statement ok
drop table if exists t26;

statement ok
drop table if exists t27;

statement ok
drop table if exists t28;

statement ok
drop table if exists t29;

statement ok
drop table if exists t30;

statement ok
drop table if exists t31;

statement ok
drop table if exists t32;

statement ok
drop table if exists t33;

statement ok
drop table if exists t34;

statement ok
drop table if exists t35;

statement ok
drop table if exists t36;

statement ok
drop table if exists t37;

statement ok
drop table if exists t38;

statement ok
drop table if exists t39;

statement ok
drop table if exists t40;

statement ok
create table t1 (id int, c1 int);

statement ok
create table t2 (id int, c1 int);

statement ok
create table t3 (id int, c1 int);

statement ok
create table t4 (id int, c1 int);

statement ok
create table t5 (id int, c1 int);

statement ok
create table t6 (id int, c1 int);

statement ok
create table t7 (id int, c1 int);

statement ok
create table t8 (id int, c1 int);

statement ok
create table t9 (id int, c1 int);

statement ok
create table t10 (id int, c1 int);

statement ok
create table t11 (id int, c1 int);

statement ok
create table t12 (id int, c1 int);

statement ok
create table t13 (id int, c1 int);

statement ok
create table t14 (id int, c1 int);

statement ok
create table t15 (id int, c1 int);

statement ok
create table t16 (id int, c1 int);

statement ok
create table t17 (id int, c1 int);

statement ok
create table t18 (id int, c1 int);

statement ok
create table t19 (id int, c1 int);

statement ok
create table t20 (id int, c1 int);

statement ok
create table t21 (id int, c1 int);

statement ok
create table t22 (id int, c1 int);

statement ok
create table t23 (id int, c1 int);

statement ok
create table t24 (id int, c1 int);

statement ok
create table t25 (id int, c1 int);

statement ok
create table t26 (id int, c1 int);

statement ok
create table t27 (id int, c1 int);

statement ok
create table t28 (id int, c1 int);

statement ok
create table t29 (id int, c1 int);

statement ok
create table t30 (id int, c1 int);

statement ok
create table t31 (id int, c1 int);

statement ok
create table t32 (id int, c1 int);

statement ok
create table t33 (id int, c1 int);

statement ok
create table t34 (id int, c1 int);

statement ok
create table t35 (id int, c1 int);

statement ok
create table t36 (id int, c1 int);

statement ok
create table t37 (id int, c1 int);

statement ok
create table t38 (id int, c1 int);

statement ok
create table t39 (id int, c1 int);

statement ok
create table t40 (id int, c1 int);

statement ok
insert into t1 (id, c1) VALUES (0, 36);

statement ok
insert into t2 (id, c1) VALUES (0, 29);

statement ok
insert into t3 (id, c1) VALUES (0, 31);

statement ok
insert into t4 (id, c1) VALUES (0, 19);

statement ok
insert into t5 (id, c1) VALUES (0, 1);

statement ok
insert into t6 (id, c1) VALUES (0, 17);

statement ok
insert into t7 (id, c1) VALUES (0, 3);

statement ok
insert into t8 (id, c1) VALUES (0, 21);

statement ok
insert into t9 (id, c1) VALUES (0, 25);

statement ok
insert into t10 (id, c1) VALUES (0, 5);

statement ok
insert into t11 (id, c1) VALUES (0, 29);

statement ok
insert into t12 (id, c1) VALUES (0, 15);

statement ok
insert into t13 (id, c1) VALUES (0, 23);

statement ok
insert into t14 (id, c1) VALUES (0, 7);

statement ok
insert into t15 (id, c1) VALUES (0, 36);

statement ok
insert into t16 (id, c1) VALUES (0, 22);

statement ok
insert into t17 (id, c1) VALUES (0, 6);

statement ok
insert into t18 (id, c1) VALUES (0, 7);

statement ok
insert into t19 (id, c1) VALUES (0, 2);

statement ok
insert into t20 (id, c1) VALUES (0, 1);

statement ok
insert into t21 (id, c1) VALUES (0, 31);

statement ok
insert into t22 (id, c1) VALUES (0, 39);

statement ok
insert into t23 (id, c1) VALUES (0, 4);

statement ok
insert into t24 (id, c1) VALUES (0, 23);

statement ok
insert into t25 (id, c1) VALUES (0, 15);

statement ok
insert into t26 (id, c1) VALUES (0, 6);

statement ok
insert into t27 (id, c1) VALUES (0, 39);

statement ok
insert into t28 (id, c1) VALUES (0, 18);

statement ok
insert into t29 (id, c1) VALUES (0, 6);

statement ok
insert into t30 (id, c1) VALUES (0, 17);

statement ok
insert into t31 (id, c1) VALUES (0, 4);

statement ok
insert into t32 (id, c1) VALUES (0, 20);

statement ok
insert into t33 (id, c1) VALUES (0, 16);

statement ok
insert into t34 (id, c1) VALUES (0, 15);

statement ok
insert into t35 (id, c1) VALUES (0, 3);

statement ok
insert into t36 (id, c1) VALUES (0, 25);

statement ok
insert into t37 (id, c1) VALUES (0, 3);

statement ok
insert into t38 (id, c1) VALUES (0, 21);

statement ok
insert into t39 (id, c1) VALUES (0, 14);

statement ok
insert into t40 (id, c1) VALUES (0, 13);

# Large query
query I
select * from t1
join t2 on t1.id = t2.id
join t3 on t2.id = t3.id
join t4 on t3.id = t4.id
join t5 on t4.id = t5.id
join t6 on t5.id = t6.id
join t7 on t6.id = t7.id
join t8 on t7.id = t8.id
join t9 on t8.id = t9.id
join t10 on t9.id = t10.id
join t11 on t10.id = t11.id
join t12 on t11.id = t12.id
join t13 on t12.id = t13.id
join t14 on t13.id = t14.id
join t15 on t14.id = t15.id
join t16 on t15.id = t16.id
join t17 on t16.id = t17.id
join t18 on t17.id = t18.id
join t19 on t18.id = t19.id
join t20 on t19.id = t20.id
join t21 on t20.id = t21.id
join t22 on t21.id = t22.id
join t23 on t22.id = t23.id
join t24 on t23.id = t24.id
join t25 on t24.id = t25.id
join t26 on t25.id = t26.id
join t27 on t26.id = t27.id
join t28 on t27.id = t28.id
join t29 on t28.id = t29.id
join t30 on t29.id = t30.id
join t31 on t30.id = t31.id
join t32 on t31.id = t32.id
join t33 on t32.id = t33.id
join t34 on t33.id = t34.id
join t35 on t34.id = t35.id
join t36 on t35.id = t36.id
join t37 on t36.id = t37.id
join t38 on t37.id = t38.id
join t39 on t38.id = t39.id;
----
0 36 0 29 0 31 0 19 0 1 0 17 0 3 0 21 0 25 0 5 0 29 0 15 0 23 0 7 0 36 0 22 0 6 0 7 0 2 0 1 0 31 0 39 0 4 0 23 0 15 0 6 0 39 0 18 0 6 0 17 0 4 0 20 0 16 0 15 0 3 0 25 0 3 0 21 0 14

# Large query with cross join.
query I
select count(*) from t1
join t2 on t1.id = t2.id
join t3 on t2.id = t3.id
join t4 on t3.id = t4.id
join t5 on t4.id = t5.id
join t6 on t5.id = t6.id
join t7 on t6.id = t7.id
join t8 on t7.id = t8.id
join t9 on t8.id = t9.id
join t10 on t9.id = t10.id
join t11 on t10.id = t11.id
join t12 on t11.id = t12.id
join t13 on t12.id = t13.id
join t14 on t13.id = t14.id
join t15 on t14.id = t15.id
join t16 on t15.id = t16.id
join t17 on t16.id = t17.id
join t18 on t17.id = t18.id
join t19 on t18.id = t19.id
join t20 on t19.id = t20.id
join t21 on t20.id = t21.id
join t22 on t21.id = t22.id
join t23 on t22.id = t23.id
join t24 on t23.id = t24.id
join t25 on t24.id = t25.id
join t26 on t25.id = t26.id
join t27 on t26.id = t27.id
join t28 on t27.id = t28.id
join t29 on t28.id = t29.id
join t30 on t29.id = t30.id
join t31 on t30.id = t31.id
join t32 on t31.id = t32.id
join t33 on t32.id = t33.id
join t34 on t33.id = t34.id
join t35 on t34.id = t35.id
join t36 on t35.id = t36.id
join t37 on t36.id = t37.id
join t38 on t37.id = t38.id
join t39 on t38.id = t39.id
join t40;
----
1
