statement ok
USE default

statement ok
DROP TABLE IF EXISTS `05_0027_at_t0`

statement ok
CREATE TABLE `05_0027_at_t0`(a int, b float,c int,d double)

statement ok
INSERT INTO TABLE `05_0027_at_t0` values(1,2.0,3,4.0)

query I
SELECT * FROM `05_0027_at_t0`
----
1,2.0,3,4.0

statement ok
ALTER TABLE `05_0027_at_t0` DROP COLUMN a

query I
SELECT * FROM `05_0027_at_t0`
----
2.0,3,4.0

statement ok
ALTER TABLE `05_0027_at_t0` DROP COLUMN b

query I
SELECT * FROM `05_0027_at_t0`
----
3,4.0

statement ok
ALTER TABLE `05_0027_at_t0` DROP COLUMN d

query I
SELECT * FROM `05_0027_at_t0`
----
3

statement error 1109
ALTER TABLE `05_0027_at_t0` DROP COLUMN c

statement error 1108
ALTER TABLE `05_0027_at_t0` ADD COLUMN c float

statement ok
ALTER TABLE `05_0027_at_t0` ADD COLUMN a float

statement ok
INSERT INTO TABLE `05_0027_at_t0` values(4,5.0)

query I
SELECT * FROM `05_0027_at_t0`
----
4,5.0
3,0.0

statement ok
ALTER TABLE `05_0027_at_t0` ADD COLUMN e int

statement ok
INSERT INTO TABLE `05_0027_at_t0` values(10,6.0,1)

query I
SELECT * FROM `05_0027_at_t0`
----
3,0.0,0
10,6.0,1
4,5.0,0

statement ok
ALTER TABLE `05_0027_at_t0` DROP COLUMN c

query I
SELECT * FROM `05_0027_at_t0`
----
0.0,0
5.0,0
6.0,1

statement ok
ALTER TABLE `05_0027_at_t0` DROP COLUMN e

query I
SELECT * FROM `05_0027_at_t0`
----
0.0
6.0
5.0