# step 2: enable these
# step 3:
statement ok
DROP TABLE IF EXISTS t

statement ok
DROP TABLE IF EXISTS t2

statement ok
DROP TABLE IF EXISTS t3

statement ok
DROP TABLE IF EXISTS t4

statement ok
CREATE TABLE t(c1 int) ENGINE = Null

statement ok
CREATE TABLE IF NOT EXISTS t(c1 int) ENGINE = Null

statement error 2302
CREATE TABLE t(c1 int) ENGINE = Null

statement ok
create table t2(a int,b int) Engine = Fuse

statement ok
insert into t2 values(1,1),(2,2)

# query I
# select a+b from t2
# ----
# 2
# 4

statement error 2302
create table t2(a int,b int) Engine = Fuse

statement error 2302
create table t2(a int,b int) Engine = Fuse

statement error 1005
create table t2(a INT auto_increment)

statement error 2703
create table t3(a int,b int) engine=Memory CLUSTER BY(a)

statement ok
create table t3(`a` int) ENGINE = Null

statement ok
create table t4(a int) ENGINE = Null

statement ok
DROP TABLE IF EXISTS t

statement ok
DROP TABLE IF EXISTS t2

statement ok
DROP TABLE IF EXISTS t3

statement ok
DROP TABLE IF EXISTS t4

statement ok
DROP DATABASE IF EXISTS db1

statement ok
DROP DATABASE IF EXISTS db2

statement ok
CREATE DATABASE db1

statement ok
CREATE DATABASE db2

statement ok
CREATE TABLE db1.test1(a INT, b INT null) Engine = Fuse

# statement ok
# INSERT INTO db1.test1 VALUES (1, 2), (2, 3), (3, 4)

statement ok
CREATE TABLE db2.test2 LIKE db1.test1 ENGINE=fuse

# statement ok
# INSERT INTO db2.test2 VALUES (3, 5)

# query I
# SELECT a+b FROM db2.test2
# ----
# 8

# query TTTTT
# DESCRIBE db2.test2
# ----
# a INT NO 0 (empty)
# b INT YES NULL (empty)

statement ok
CREATE TABLE db2.test3(a Varchar null, y Varchar null) ENGINE=fuse AS SELECT * FROM db1.test1

# query TTTTT
# DESCRIBE db2.test3
# ----
# a VARCHAR YES NULL (empty)
# y VARCHAR YES NULL (empty)

# query T
# SELECT a FROM db2.test3
# ----
# 1
# 2
# 3

statement ok
CREATE TABLE db2.test4(a Varchar null, y Varchar null) ENGINE=fuse AS SELECT b, a FROM db1.test1

statement ok
CREATE TABLE if not exists db2.test4 AS SELECT b, a FROM db1.test1

statement ok
CREATE TABLE if not exists db2.test4 AS SELECT b, a FROM db1.test1

# query TTTTT
# DESCRIBE db2.test4
# ----
# a VARCHAR YES NULL (empty)
# y VARCHAR YES NULL (empty)

# query T
# SELECT a FROM db2.test4
# ----
# 2
# 3
# 4

# step-7: disable
# statement error 1
# CREATE TABLE db2.test5(a Varchar null, y Varchar null) ENGINE=fuse AS SELECT b FROM db1.test1

# step-7: disable
# statement error 1006
# CREATE TABLE db2.test5(a Varchar null, y Varchar null) ENGINE=fuse AS SELECT a, b, a FROM db1.test1


# step-7: disable
# statement error 1065
# create table db2.test6(id Int8, created timestamp  DEFAULT CURRENT_TIMESTAMP)

# step-7: disable
# statement error 1065
# create table db2.test6(id Int8, created timestamp  DEFAULT today() + a)

statement ok
create table db2.test6(id Int8, a Int8 DEFAULT 1 + 2, created timestamp DEFAULT now())

# query TTTTT
# desc db2.test6
# ----
# id TINYINT NO 0 (empty)
# a TINYINT NO 3 (empty)
# created TIMESTAMP NO now() (empty)

# step-7: disable
# enabled step-4
# statement ok
# INSERT INTO db2.test6 (id) VALUES (1)

# step-7: disable
# enabled step-4
# query IIT
# SELECT id, a, now() >= created FROM db2.test6;
# ----
# 1 3 1

# step-7: disable
# statement error 1065
# alter table db2.test6 add column b timestamp default now()

statement ok
create table db2.test7(tiny TINYINT, tiny_unsigned TINYINT UNSIGNED, smallint SMALLINT, smallint_unsigned SMALLINT UNSIGNED, int INT, int_unsigned INT UNSIGNED, bigint BIGINT, bigint_unsigned BIGINT UNSIGNED,float FLOAT, double DOUBLE, date DATE, datetime DATETIME, ts TIMESTAMP, str VARCHAR default '3', bool BOOLEAN, arr ARRAY(INT), tup TUPLE(INT, BOOL), map MAP(INT, STRING), variant VARIANT)

# step-4 enables
query TTTTT
desc db2.test7
----
tiny TINYINT NO 0 (empty)
tiny_unsigned TINYINT UNSIGNED NO 0 (empty)
smallint SMALLINT NO 0 (empty)
smallint_unsigned SMALLINT UNSIGNED NO 0 (empty)
int INT NO 0 (empty)
int_unsigned INT UNSIGNED NO 0 (empty)
bigint BIGINT NO 0 (empty)
bigint_unsigned BIGINT UNSIGNED NO 0 (empty)
float FLOAT NO 0 (empty)
double DOUBLE NO 0 (empty)
date DATE NO '1970-01-01' (empty)
datetime TIMESTAMP NO '1970-01-01 00:00:00.000000' (empty)
ts TIMESTAMP NO '1970-01-01 00:00:00.000000' (empty)
str VARCHAR NO '3' (empty)
bool BOOLEAN NO false (empty)
arr ARRAY(INT32) NO [] (empty)
tup TUPLE(1 INT32, 2 BOOLEAN) NO (0, false) (empty)
map MAP(INT32, STRING) NO {} (empty)
variant VARIANT NO (empty) (empty)

statement ok
create transient table db2.test8(tiny TINYINT, tiny_unsigned TINYINT UNSIGNED, smallint SMALLINT, smallint_unsigned SMALLINT UNSIGNED, int INT, int_unsigned INT UNSIGNED, bigint BIGINT, bigint_unsigned BIGINT UNSIGNED,float FLOAT, double DOUBLE, date DATE, datetime DATETIME, ts TIMESTAMP, str VARCHAR default '3', bool BOOLEAN, arr ARRAY(VARCHAR), tup TUPLE(DOUBLE, INT), map MAP(STRING, Date), variant VARIANT)

# step-4 enables
query TTTTT
desc db2.test8
----
tiny TINYINT NO 0 (empty)
tiny_unsigned TINYINT UNSIGNED NO 0 (empty)
smallint SMALLINT NO 0 (empty)
smallint_unsigned SMALLINT UNSIGNED NO 0 (empty)
int INT NO 0 (empty)
int_unsigned INT UNSIGNED NO 0 (empty)
bigint BIGINT NO 0 (empty)
bigint_unsigned BIGINT UNSIGNED NO 0 (empty)
float FLOAT NO 0 (empty)
double DOUBLE NO 0 (empty)
date DATE NO '1970-01-01' (empty)
datetime TIMESTAMP NO '1970-01-01 00:00:00.000000' (empty)
ts TIMESTAMP NO '1970-01-01 00:00:00.000000' (empty)
str VARCHAR NO '3' (empty)
bool BOOLEAN NO false (empty)
arr ARRAY(STRING) NO [] (empty)
tup TUPLE(1 FLOAT64, 2 INT32) NO (0, 0) (empty)
map MAP(STRING, DATE) NO {} (empty)
variant VARIANT NO (empty) (empty)


# step-6: disable
# statement ok
# use db2

# step-6: disable
# statement ok
# create table test9 like test8

# step 2: end

statement ok
use default

# step-6: disable
# step 1: enable these
# statement ok
# DROP DATABASE db1

# step-6: disable
# statement ok
# DROP DATABASE db2

# step-6: disable
# statement error 1002
# CREATE TABLE system.test(a INT)

# step-6: disable
# statement ok
# drop table if exists t

# step-5: disabled
# statement error Duplicated column name
# create table t(a int, a int)

# step-5: disabled
# statement error Duplicated column name
# create table t(a int, A int)

# step-5: disabled
# statement error Duplicated column name
# create table t as select number, number from numbers(1)

# step-5: disabled
# statement error 4000
# create table tb101 (id int ,c1 datetime) 's3://wubx/tb101' connection=(aws_key_id='minioadmin' aws_ssecret_key='minioadmin' endpoint_url='http://127.0.0.1:9900');

# step 1: end

statement ok
drop table if exists tt_v2





statement error 3001
create table tt_v2 (id int) engine=fuse SNAPSHOT_LOCATION='xx'



statement error 1301
create table t(a int) x=x

# statement error 1301
# create table t(a int) external_location='xxx'
# 
# statement error 1301
# create table t(a int) snapshot_loc='xxx'
# 
# statement error 3001
# create table t(a int) snapshot_location='xxx'
# 
# statement error 1301
# create table t(a int) database_id='xxx'
# 
# statement error 1006
# create table t(a int) bloom_index_columns='b'
# 
# statement error 1301
# create table t(a decimal(4,2)) bloom_index_columns='a'
# 
# statement ok
# create table t(a int)
# 
# statement error 1301
# alter table t set options(database_id = "22");
# 
# statement ok
# drop table if exists t;
# 
# statement ok
# drop table if exists t_without_engine_desc;
# 
# statement ok
# drop table if exists t_with_engine_desc;
# 
# statement ok
# drop table if exists t_with_wrong_engine_desc;
# 
# statement ok
# create table t_without_engine_desc(id int);
# 
# statement ok
# create table t_with_engine_desc(id int) engine=NULL;
# 
# statement error 2302
# create table t_with_engine_desc(id int);
# 
# statement error 2302
# create table t_with_engine_desc(id int) engine=NULL;
# 
# statement error 1005
# create table t_with_wrong_engine_desc(id int) engine=abc;
# 
# statement ok
# drop table if exists t_without_engine_desc;
# 
# statement ok
# drop table if exists t_with_engine_desc;
# 
# statement ok
# drop table if exists t_with_wrong_engine_desc;
# 
# statement ok
# drop table if exists t_with_bloom_index;
# 
# statement ok
# create table t_with_bloom_index(a int, b int) bloom_index_columns='b'
# 
# statement ok
# drop table if exists t_with_bloom_index;
# 
# statement error 1301
# create table t_row_per_block(a int) row_per_block = 100000000000;
# 
# statement ok
# create table t_row_per_block(a int) row_per_block = 10000;
# 
# statement error 1301
# alter table t_row_per_block set options(row_per_block = 100000000000);
# 
# statement ok
# alter table t_row_per_block set options(row_per_block = 100000);
