statement ok
USE default

statement ok
DROP TABLE IF EXISTS `05_0027_at_t0`

statement ok
CREATE TABLE `05_0027_at_t0`(a int, b Tuple(Bool, Int64),c int,d double)

statement ok
INSERT INTO TABLE `05_0027_at_t0` values(1,(true,2.0),3,4.0)

query I(BI)IF
SELECT * FROM `05_0027_at_t0`
----
1 (1,2) 3 4.0

statement ok
ALTER TABLE `05_0027_at_t0` DROP COLUMN a

query FIII
SELECT d,b.1,c,b.2 FROM `05_0027_at_t0`
----
4.0 1 3 2

query (BI)IF
SELECT * FROM `05_0027_at_t0`
----
(1,2) 3 4.0

statement ok
ALTER TABLE `05_0027_at_t0` DROP COLUMN b

query IF
SELECT * FROM `05_0027_at_t0`
----
3 4.0

statement ok
ALTER TABLE `05_0027_at_t0` DROP COLUMN d

query I
SELECT * FROM `05_0027_at_t0`
----
3

statement error 1109
ALTER TABLE `05_0027_at_t0` DROP COLUMN c

statement error 1108
ALTER TABLE `05_0027_at_t0` ADD COLUMN c float

statement ok
ALTER TABLE `05_0027_at_t0` ADD COLUMN a float

statement ok
INSERT INTO TABLE `05_0027_at_t0` values(4,5.0)

query IF
SELECT * FROM `05_0027_at_t0` order by c
----
3 0.0
4 5.0

statement ok
ALTER TABLE `05_0027_at_t0` ADD COLUMN b Tuple(double, int)

statement ok
ALTER TABLE `05_0027_at_t0` ADD COLUMN e int

statement ok
INSERT INTO TABLE `05_0027_at_t0` values(10,6.0,(111.0,2),1)

query IF(FI)I
SELECT * FROM `05_0027_at_t0` order by c
----
3 0.0 (0.0,0) 0
4 5.0 (0.0,0) 0
10 6.0 (111.0,2) 1

statement ok
ALTER TABLE `05_0027_at_t0` DROP COLUMN c

query FI
SELECT * FROM `05_0027_at_t0` order by a
----
0.0 (0.0,0) 0
5.0 (0.0,0) 0
6.0 (111.0,2) 1

query FFI
SELECT b.1,a,b.2 FROM `05_0027_at_t0`
----
0.0 0.0 0
0.0 5.0 0
111.0 6.0 2

statement ok
ALTER TABLE `05_0027_at_t0` DROP COLUMN e

query F(FI)I
SELECT * FROM `05_0027_at_t0` order by a
----
0.0 (0.0,0)
5.0 (0.0,0)
6.0 (111.0,2)